video_title,site_name,recorded_at,action,nest,frame_number,track_id,taxon,ml_confidence,timestamp
cvprmendels_2024-04-30_09_00_00,cvprmendels,2024-04-30T09:00:00+00:00,Entry,31,3301,6,bee,0.8345133069642382,2024-04-30 09:01:50.033333
cvprmendels_2024-04-30_09_00_00,cvprmendels,2024-04-30T09:00:00+00:00,Exit,31,3632,15,bee,0.6719364896050257,2024-04-30 09:02:01.066667
cvprmendels_2024-04-30_09_00_00,cvprmendels,2024-04-30T09:00:00+00:00,Entry,39,4010,23,bee,0.8226125992481397,2024-04-30 09:02:13.666667
cvprmendels_2024-04-30_09_00_00,cvprmendels,2024-04-30T09:00:00+00:00,Exit,39,9078,48,bee,0.9391501886083852,2024-04-30 09:05:02.600000
cvprmendels_2024-04-30_09_00_00,cvprmendels,2024-04-30T09:00:00+00:00,Entry,31,13822,71,bee,0.9047096452813851,2024-04-30 09:07:40.733333
cvprmendels_2024-04-30_09_00_00,cvprmendels,2024-04-30T09:00:00+00:00,Exit,31,14039,73,bee,0.9449216400133027,2024-04-30 09:07:47.966667
cvprmendels_2024-04-30_09_00_00,cvprmendels,2024-04-30T09:00:00+00:00,Entry,34,14107,73,bee,0.9966476962527918,2024-04-30 09:07:50.233333
cvprmendels_2024-04-30_09_00_00,cvprmendels,2024-04-30T09:00:00+00:00,Entry,11,14220,78,bee,0.6455147874587833,2024-04-30 09:07:54.000000
cvprmendels_2024-04-30_09_00_00,cvprmendels,2024-04-30T09:00:00+00:00,Exit,34,14775,80,bee,0.765713942659072,2024-04-30 09:08:12.500000
cvprmendels_2024-04-30_09_00_00,cvprmendels,2024-04-30T09:00:00+00:00,Exit,35,17458,91,bee,0.8590491028155873,2024-04-30 09:09:41.933333
cvprmendels_2024-04-30_09_10_01,cvprmendels,2024-04-30T09:10:01+00:00,Entry,36,758,3,bee,0.899235875263,2024-04-30 09:10:26.266667
cvprmendels_2024-04-30_09_10_01,cvprmendels,2024-04-30T09:10:01+00:00,Entry,37,3874,16,bee,0.9750474944177356,2024-04-30 09:12:10.133333
cvprmendels_2024-04-30_09_10_01,cvprmendels,2024-04-30T09:10:01+00:00,Exit,36,4072,18,bee,0.8583674519582211,2024-04-30 09:12:16.733333
cvprmendels_2024-04-30_09_10_01,cvprmendels,2024-04-30T09:10:01+00:00,Exit,37,5130,19,bee,0.8042831661947125,2024-04-30 09:12:52.000000
cvprmendels_2024-04-30_09_10_01,cvprmendels,2024-04-30T09:10:01+00:00,Entry,59,5383,20,bee,0.8590709393463816,2024-04-30 09:13:00.433333
cvprmendels_2024-04-30_09_10_01,cvprmendels,2024-04-30T09:10:01+00:00,Exit,59,5396,21,bee,0.9355495351657365,2024-04-30 09:13:00.866667
cvprmendels_2024-04-30_09_10_01,cvprmendels,2024-04-30T09:10:01+00:00,Exit,59,5396,22,bee,0.9355495351657365,2024-04-30 09:13:00.866667
cvprmendels_2024-04-30_09_10_01,cvprmendels,2024-04-30T09:10:01+00:00,Entry,59,5397,22,bee,0.849889000556624,2024-04-30 09:13:00.900000
cvprmendels_2024-04-30_09_10_01,cvprmendels,2024-04-30T09:10:01+00:00,Entry,33,6889,25,bee,0.8990041464101541,2024-04-30 09:13:50.633333
cvprmendels_2024-04-30_09_10_01,cvprmendels,2024-04-30T09:10:01+00:00,Exit,33,7150,26,bee,0.6833643653003211,2024-04-30 09:13:59.333333
cvprmendels_2024-04-30_09_10_01,cvprmendels,2024-04-30T09:10:01+00:00,Exit,40,7503,37,bee,0.6210508971931396,2024-04-30 09:14:11.100000
cvprmendels_2024-04-30_09_10_01,cvprmendels,2024-04-30T09:10:01+00:00,Entry,36,7631,38,bee,0.789022450435996,2024-04-30 09:14:15.366667
cvprmendels_2024-04-30_09_10_01,cvprmendels,2024-04-30T09:10:01+00:00,Exit,36,11268,56,bee,0.7164791566704258,2024-04-30 09:16:16.600000
cvprmendels_2024-04-30_09_10_01,cvprmendels,2024-04-30T09:10:01+00:00,Entry,7,14378,71,bee,0.9547919202643896,2024-04-30 09:18:00.266667
cvprmendels_2024-04-30_09_10_01,cvprmendels,2024-04-30T09:10:01+00:00,Exit,7,15054,73,bee,0.8107126156801912,2024-04-30 09:18:22.800000
cvprmendels_2024-04-30_09_10_01,cvprmendels,2024-04-30T09:10:01+00:00,Entry,22,17708,90,bee,0.9003676144015536,2024-04-30 09:19:51.266667
cvprmendels_2024-04-30_09_20_00,cvprmendels,2024-04-30T09:20:00+00:00,Entry,10,7454,5,bee,0.8532739652744992,2024-04-30 09:24:08.466667
cvprmendels_2024-04-30_09_20_00,cvprmendels,2024-04-30T09:20:00+00:00,Exit,10,7469,9,bee,0.7581797792904367,2024-04-30 09:24:08.966667
cvprmendels_2024-04-30_09_20_00,cvprmendels,2024-04-30T09:20:00+00:00,Entry,31,7621,10,bee,0.8128407937012525,2024-04-30 09:24:14.033333
cvprmendels_2024-04-30_09_20_00,cvprmendels,2024-04-30T09:20:00+00:00,Exit,31,7787,13,bee,0.9568403544088963,2024-04-30 09:24:19.566667
cvprmendels_2024-04-30_09_20_00,cvprmendels,2024-04-30T09:20:00+00:00,Entry,39,7900,14,bee,0.9555269004533362,2024-04-30 09:24:23.333333
cvprmendels_2024-04-30_09_20_00,cvprmendels,2024-04-30T09:20:00+00:00,Entry,32,9402,16,bee,0.882039502133109,2024-04-30 09:25:13.400000
cvprmendels_2024-04-30_09_20_00,cvprmendels,2024-04-30T09:20:00+00:00,Exit,32,11655,19,bee,0.923581904354123,2024-04-30 09:26:28.500000
cvprmendels_2024-04-30_09_20_00,cvprmendels,2024-04-30T09:20:00+00:00,Exit,39,14419,26,bee,0.9512459427919862,2024-04-30 09:28:00.633333
cvprmendels_2024-04-30_09_20_00,cvprmendels,2024-04-30T09:20:00+00:00,Exit,26,17478,40,bee,0.6457052016396202,2024-04-30 09:29:42.600000
cvprmendels_2024-04-30_09_30_00,cvprmendels,2024-04-30T09:30:00+00:00,Entry,20,62,1,bee,0.6470003397101025,2024-04-30 09:30:02.066667
cvprmendels_2024-04-30_09_30_00,cvprmendels,2024-04-30T09:30:00+00:00,Exit,20,83,2,bee,0.962661488601455,2024-04-30 09:30:02.766667
cvprmendels_2024-04-30_09_30_00,cvprmendels,2024-04-30T09:30:00+00:00,Entry,16,157,2,bee,0.999933410538506,2024-04-30 09:30:05.233333
cvprmendels_2024-04-30_09_30_00,cvprmendels,2024-04-30T09:30:00+00:00,Exit,16,527,4,bee,0.8004835593608226,2024-04-30 09:30:17.566667
cvprmendels_2024-04-30_09_30_00,cvprmendels,2024-04-30T09:30:00+00:00,Entry,32,3745,17,bee,0.9800762676813634,2024-04-30 09:32:04.833333
cvprmendels_2024-04-30_09_30_00,cvprmendels,2024-04-30T09:30:00+00:00,Exit,32,3915,19,bee,0.936025118651994,2024-04-30 09:32:10.500000
cvprmendels_2024-04-30_09_30_00,cvprmendels,2024-04-30T09:30:00+00:00,Entry,37,3990,19,bee,0.9966476962527918,2024-04-30 09:32:13.000000
cvprmendels_2024-04-30_09_30_00,cvprmendels,2024-04-30T09:30:00+00:00,Exit,37,4299,20,bee,0.8457003252792914,2024-04-30 09:32:23.300000
cvprmendels_2024-04-30_09_30_00,cvprmendels,2024-04-30T09:30:00+00:00,Entry,38,4775,31,bee,0.8336305101239166,2024-04-30 09:32:39.166667
cvprmendels_2024-04-30_09_30_00,cvprmendels,2024-04-30T09:30:00+00:00,Exit,38,8964,40,bee,0.9119806615716479,2024-04-30 09:34:58.800000
cvprmendels_2024-04-30_09_30_00,cvprmendels,2024-04-30T09:30:00+00:00,Entry,37,13448,43,bee,0.816933581375791,2024-04-30 09:37:28.266667
cvprmendels_2024-04-30_09_30_00,cvprmendels,2024-04-30T09:30:00+00:00,Exit,37,13771,44,bee,0.8857615340618112,2024-04-30 09:37:39.033333
cvprmendels_2024-04-30_09_30_00,cvprmendels,2024-04-30T09:30:00+00:00,Entry,31,13847,44,bee,0.7919359755324237,2024-04-30 09:37:41.566667
cvprmendels_2024-04-30_09_30_00,cvprmendels,2024-04-30T09:30:00+00:00,Exit,31,13947,46,bee,0.6740266357639406,2024-04-30 09:37:44.900000
cvprmendels_2024-04-30_09_30_00,cvprmendels,2024-04-30T09:30:00+00:00,Entry,34,14095,47,bee,0.999933410538506,2024-04-30 09:37:49.833333
cvprmendels_2024-04-30_09_30_00,cvprmendels,2024-04-30T09:30:00+00:00,Exit,34,14567,48,bee,0.8407320648918126,2024-04-30 09:38:05.566667
cvprmendels_2024-04-30_09_30_00,cvprmendels,2024-04-30T09:30:00+00:00,Entry,37,14715,50,bee,0.962241186167622,2024-04-30 09:38:10.500000
cvprmendels_2024-04-30_09_30_00,cvprmendels,2024-04-30T09:30:00+00:00,Exit,37,14986,53,bee,0.7418305637889462,2024-04-30 09:38:19.533333
cvprmendels_2024-04-30_09_40_01,cvprmendels,2024-04-30T09:40:01+00:00,Entry,34,1293,13,bee,0.9687021623604515,2024-04-30 09:40:44.100000
cvprmendels_2024-04-30_09_40_01,cvprmendels,2024-04-30T09:40:01+00:00,Exit,34,4010,19,bee,0.9144044568057802,2024-04-30 09:42:14.666667
cvprmendels_2024-04-30_09_40_01,cvprmendels,2024-04-30T09:40:01+00:00,Entry,38,10045,26,bee,0.9700532298312919,2024-04-30 09:45:35.833333
cvprmendels_2024-04-30_09_40_01,cvprmendels,2024-04-30T09:40:01+00:00,Exit,38,13374,28,bee,0.9400242660127536,2024-04-30 09:47:26.800000
cvprmendels_2024-04-30_09_40_01,cvprmendels,2024-04-30T09:40:01+00:00,Entry,34,16273,31,bee,0.9370048781095137,2024-04-30 09:49:03.433333
cvprmendels_2024-05-08_15_00_00,cvprmendels,2024-05-08T15:00:00+00:00,Exit,55,764,1,bee,0.9154994497902708,2024-05-08 15:00:25.466667
cvprmendels_2024-05-08_15_00_00,cvprmendels,2024-05-08T15:00:00+00:00,Entry,54,1141,2,bee,0.8790625775062634,2024-05-08 15:00:38.033333
cvprmendels_2024-05-08_15_00_00,cvprmendels,2024-05-08T15:00:00+00:00,Exit,54,1723,3,bee,0.7756491716150589,2024-05-08 15:00:57.433333
cvprmendels_2024-05-08_15_00_00,cvprmendels,2024-05-08T15:00:00+00:00,Entry,56,2528,4,bee,0.9243723853535196,2024-05-08 15:01:24.266667
cvprmendels_2024-05-08_15_00_00,cvprmendels,2024-05-08T15:00:00+00:00,Exit,56,2928,5,bee,0.6906947721396983,2024-05-08 15:01:37.600000
cvprmendels_2024-05-08_15_00_00,cvprmendels,2024-05-08T15:00:00+00:00,Entry,12,3085,6,bee,0.9447422047253492,2024-05-08 15:01:42.833333
cvprmendels_2024-05-08_15_00_00,cvprmendels,2024-05-08T15:00:00+00:00,Exit,12,3431,12,bee,0.9167731166072507,2024-05-08 15:01:54.366667
cvprmendels_2024-05-08_15_00_00,cvprmendels,2024-05-08T15:00:00+00:00,Entry,14,3541,12,bee,0.9873445386910277,2024-05-08 15:01:58.033333
cvprmendels_2024-05-08_15_00_00,cvprmendels,2024-05-08T15:00:00+00:00,Exit,14,5778,14,bee,0.9436667971053444,2024-05-08 15:03:12.600000
cvprmendels_2024-05-08_15_00_00,cvprmendels,2024-05-08T15:00:00+00:00,Entry,14,8770,19,bee,0.9759849126844287,2024-05-08 15:04:52.333333
cvprmendels_2024-05-08_15_00_00,cvprmendels,2024-05-08T15:00:00+00:00,Exit,14,11076,26,bee,0.9067303755617969,2024-05-08 15:06:09.200000
cvprmendels_2024-05-08_15_00_00,cvprmendels,2024-05-08T15:00:00+00:00,Entry,33,11728,28,bee,0.8544192193839035,2024-05-08 15:06:30.933333
cvprmendels_2024-05-08_15_00_00,cvprmendels,2024-05-08T15:00:00+00:00,Exit,33,11893,30,bee,0.9492352758330322,2024-05-08 15:06:36.433333
cvprmendels_2024-05-08_15_00_00,cvprmendels,2024-05-08T15:00:00+00:00,Entry,36,12060,30,bee,0.9850545963563745,2024-05-08 15:06:42.000000
cvprmendels_2024-05-08_15_00_00,cvprmendels,2024-05-08T15:00:00+00:00,Exit,40,12274,49,bee,0.6476710136054321,2024-05-08 15:06:49.133333
cvprmendels_2024-05-08_15_00_00,cvprmendels,2024-05-08T15:00:00+00:00,Entry,57,12703,56,bee,0.9847681313323128,2024-05-08 15:07:03.433333
cvprmendels_2024-05-08_15_00_00,cvprmendels,2024-05-08T15:00:00+00:00,Entry,36,15069,58,bee,0.9554847816210064,2024-05-08 15:08:22.300000
cvprmendels_2024-05-08_15_00_00,cvprmendels,2024-05-08T15:00:00+00:00,Exit,57,14899,59,bee,0.8899057821391371,2024-05-08 15:08:16.633333
cvprmendels_2024-05-08_15_00_00,cvprmendels,2024-05-08T15:00:00+00:00,Exit,36,14976,63,bee,0.6042824528300497,2024-05-08 15:08:19.200000
cvprmendels_2024-05-08_15_00_00,cvprmendels,2024-05-08T15:00:00+00:00,Exit,36,17666,75,bee,0.606067465299029,2024-05-08 15:09:48.866667
cvprmendels_2024-05-08_15_00_00,cvprmendels,2024-05-08T15:00:00+00:00,Exit,36,17868,76,bee,0.8134598364298491,2024-05-08 15:09:55.600000
cvprmendels_2024-05-08_15_30_00,cvprmendels,2024-05-08T15:30:00+00:00,Exit,38,4008,2,bee,0.8490388587642689,2024-05-08 15:32:13.600000
cvprmendels_2024-05-08_15_30_00,cvprmendels,2024-05-08T15:30:00+00:00,Entry,36,4456,5,bee,0.9966476962527918,2024-05-08 15:32:28.533333
cvprmendels_2024-05-08_15_30_00,cvprmendels,2024-05-08T15:30:00+00:00,Entry,13,4814,9,bee,0.8101369203209312,2024-05-08 15:32:40.466667
cvprmendels_2024-05-08_15_30_00,cvprmendels,2024-05-08T15:30:00+00:00,Exit,36,5036,10,bee,0.924592469574777,2024-05-08 15:32:47.866667
cvprmendels_2024-05-08_15_30_00,cvprmendels,2024-05-08T15:30:00+00:00,Exit,35,5288,11,bee,0.9755533378806547,2024-05-08 15:32:56.266667
cvprmendels_2024-05-08_15_30_00,cvprmendels,2024-05-08T15:30:00+00:00,Entry,36,5456,12,bee,0.9844516995549253,2024-05-08 15:33:01.866667
cvprmendels_2024-05-08_15_30_00,cvprmendels,2024-05-08T15:30:00+00:00,Exit,36,6082,13,bee,0.828415529780184,2024-05-08 15:33:22.733333
cvprmendels_2024-05-08_15_30_00,cvprmendels,2024-05-08T15:30:00+00:00,Entry,35,6306,17,bee,0.9239338005569188,2024-05-08 15:33:30.200000
cvprmendels_2024-05-08_15_30_00,cvprmendels,2024-05-08T15:30:00+00:00,Exit,13,6594,19,bee,0.9313863546275668,2024-05-08 15:33:39.800000
cvprmendels_2024-05-08_15_30_00,cvprmendels,2024-05-08T15:30:00+00:00,Entry,21,6618,19,bee,0.6284676948463135,2024-05-08 15:33:40.600000
cvprmendels_2024-05-08_15_30_00,cvprmendels,2024-05-08T15:30:00+00:00,Entry,38,7618,21,bee,0.9772723239751439,2024-05-08 15:34:13.933333
cvprmendels_2024-05-08_15_30_00,cvprmendels,2024-05-08T15:30:00+00:00,Exit,38,8141,28,bee,0.7891688853719891,2024-05-08 15:34:31.366667
cvprmendels_2024-05-08_15_30_00,cvprmendels,2024-05-08T15:30:00+00:00,Entry,35,10325,33,bee,0.9996366363449576,2024-05-08 15:35:44.166667
cvprmendels_2024-05-08_15_30_00,cvprmendels,2024-05-08T15:30:00+00:00,Exit,35,10395,36,bee,0.8315556700512109,2024-05-08 15:35:46.500000
cvprmendels_2024-05-08_15_30_00,cvprmendels,2024-05-08T15:30:00+00:00,Entry,38,11059,42,bee,0.9919252170453031,2024-05-08 15:36:08.633333
cvprmendels_2024-05-08_15_30_00,cvprmendels,2024-05-08T15:30:00+00:00,Entry,55,12742,43,bee,0.8839143893250134,2024-05-08 15:37:04.733333
cvprmendels_2024-05-08_15_30_00,cvprmendels,2024-05-08T15:30:00+00:00,Exit,38,14446,44,bee,0.9523732795176016,2024-05-08 15:38:01.533333
cvprmendels_2024-05-08_15_30_00,cvprmendels,2024-05-08T15:30:00+00:00,Entry,38,14517,44,bee,0.96389094464817,2024-05-08 15:38:03.900000
cvprmendels_2024-05-08_15_30_00,cvprmendels,2024-05-08T15:30:00+00:00,Entry,14,14994,50,bee,0.9941878032046634,2024-05-08 15:38:19.800000
cvprmendels_2024-05-08_15_30_00,cvprmendels,2024-05-08T15:30:00+00:00,Exit,35,15058,52,bee,0.6316616686515824,2024-05-08 15:38:21.933333
cvprmendels_2024-05-08_15_30_00,cvprmendels,2024-05-08T15:30:00+00:00,Exit,55,15299,54,bee,0.9744621705671913,2024-05-08 15:38:29.966667
cvprmendels_2024-05-08_15_30_00,cvprmendels,2024-05-08T15:30:00+00:00,Exit,35,15379,55,bee,0.8908348582414861,2024-05-08 15:38:32.633333
cvprmendels_2024-05-08_15_30_00,cvprmendels,2024-05-08T15:30:00+00:00,Exit,38,15533,57,bee,0.8621379719071741,2024-05-08 15:38:37.766667
cvprmendels_2024-05-08_15_30_00,cvprmendels,2024-05-08T15:30:00+00:00,Entry,34,15805,71,bee,0.9547507202241872,2024-05-08 15:38:46.833333
cvprmendels_2024-05-08_15_30_00,cvprmendels,2024-05-08T15:30:00+00:00,Entry,38,15829,72,bee,0.9996366363449576,2024-05-08 15:38:47.633333
cvprmendels_2024-05-08_15_30_00,cvprmendels,2024-05-08T15:30:00+00:00,Exit,38,15989,74,bee,0.7940937622976318,2024-05-08 15:38:52.966667
cvprmendels_2024-05-08_15_30_00,cvprmendels,2024-05-08T15:30:00+00:00,Entry,38,16043,74,bee,0.7934573331254583,2024-05-08 15:38:54.766667
cvprmendels_2024-05-08_15_30_00,cvprmendels,2024-05-08T15:30:00+00:00,Exit,49,16444,78,bee,0.6886214633280272,2024-05-08 15:39:08.133333
cvprmendels_2024-05-08_15_30_00,cvprmendels,2024-05-08T15:30:00+00:00,Entry,49,16508,78,bee,0.7400842227907866,2024-05-08 15:39:10.266667
cvprmendels_2024-05-08_15_30_00,cvprmendels,2024-05-08T15:30:00+00:00,Exit,14,17021,81,bee,0.91725962361588,2024-05-08 15:39:27.366667
cvprmendels_2024-05-08_15_50_00,cvprmendels,2024-05-08T15:50:00+00:00,Exit,57,17,1,bee,0.9778129337184421,2024-05-08 15:50:00.566667
cvprmendels_2024-05-08_15_50_00,cvprmendels,2024-05-08T15:50:00+00:00,Entry,56,875,2,bee,0.8767834911793131,2024-05-08 15:50:29.166667
cvprmendels_2024-05-08_15_50_00,cvprmendels,2024-05-08T15:50:00+00:00,Exit,56,1630,3,bee,0.8959022122494064,2024-05-08 15:50:54.333333
cvprmendels_2024-05-08_15_50_00,cvprmendels,2024-05-08T15:50:00+00:00,Exit,38,5664,9,bee,0.6482199273298219,2024-05-08 15:53:08.800000
cvprmendels_2024-05-08_15_50_00,cvprmendels,2024-05-08T15:50:00+00:00,Entry,58,7664,20,bee,0.8611156733003817,2024-05-08 15:54:15.466667
cvprmendels_2024-05-08_15_50_00,cvprmendels,2024-05-08T15:50:00+00:00,Exit,58,7867,21,bee,0.9424961819173321,2024-05-08 15:54:22.233333
cvprmendels_2024-05-08_15_50_00,cvprmendels,2024-05-08T15:50:00+00:00,Entry,54,7932,22,bee,0.878195977163082,2024-05-08 15:54:24.400000
cvprmendels_2024-05-08_15_50_00,cvprmendels,2024-05-08T15:50:00+00:00,Entry,55,8551,24,bee,0.902864353476713,2024-05-08 15:54:45.033333
cvprmendels_2024-05-08_15_50_00,cvprmendels,2024-05-08T15:50:00+00:00,Exit,55,9014,27,bee,0.9540704040076099,2024-05-08 15:55:00.466667
cvprmendels_2024-05-08_15_50_00,cvprmendels,2024-05-08T15:50:00+00:00,Entry,53,9264,28,bee,0.9835033531918914,2024-05-08 15:55:08.800000
cvprmendels_2024-05-08_15_50_00,cvprmendels,2024-05-08T15:50:00+00:00,Exit,53,9387,29,bee,0.7451125023021191,2024-05-08 15:55:12.900000
cvprmendels_2024-05-08_15_50_00,cvprmendels,2024-05-08T15:50:00+00:00,Entry,57,9461,29,bee,0.9390314446708566,2024-05-08 15:55:15.366667
cvprmendels_2024-05-08_15_50_00,cvprmendels,2024-05-08T15:50:00+00:00,Exit,57,10069,36,bee,0.7592074093039781,2024-05-08 15:55:35.633333
cvprmendels_2024-05-08_15_50_00,cvprmendels,2024-05-08T15:50:00+00:00,Entry,39,10368,38,bee,0.9963509220592434,2024-05-08 15:55:45.600000
cvprmendels_2024-05-08_15_50_00,cvprmendels,2024-05-08T15:50:00+00:00,Exit,39,10982,40,bee,0.9436205031485266,2024-05-08 15:56:06.066667
cvprmendels_2024-05-08_15_50_00,cvprmendels,2024-05-08T15:50:00+00:00,Entry,39,11054,40,bee,0.9520752069812791,2024-05-08 15:56:08.466667
cvprmendels_2024-05-08_15_50_00,cvprmendels,2024-05-08T15:50:00+00:00,Entry,11,12763,45,bee,0.9805153449141178,2024-05-08 15:57:05.433333
cvprmendels_2024-05-08_15_50_00,cvprmendels,2024-05-08T15:50:00+00:00,Entry,35,12759,47,bee,0.9732389248726845,2024-05-08 15:57:05.300000
cvprmendels_2024-05-08_15_50_00,cvprmendels,2024-05-08T15:50:00+00:00,Exit,11,14713,65,bee,0.8164848680826478,2024-05-08 15:58:10.433333
cvprmendels_2024-05-08_15_50_00,cvprmendels,2024-05-08T15:50:00+00:00,Entry,55,15988,72,bee,0.8900306157797221,2024-05-08 15:58:52.933333
cvprmendels_2024-05-08_15_50_00,cvprmendels,2024-05-08T15:50:00+00:00,Exit,55,16647,73,bee,0.9307989684594211,2024-05-08 15:59:14.900000
cvprmendels_2024-05-08_15_50_00,cvprmendels,2024-05-08T15:50:00+00:00,Entry,12,17594,74,bee,0.9245930689416917,2024-05-08 15:59:46.466667
cvprmendels_2024-05-08_15_50_00,cvprmendels,2024-05-08T15:50:00+00:00,Entry,55,17624,75,bee,0.8365409375249523,2024-05-08 15:59:47.466667
cvprmendels_2024-05-23_12_00_00,cvprmendels,2024-05-23T12:00:00+00:00,Entry,42,427,1,bee,0.9859849126844287,2024-05-23 12:00:14.233333
cvprmendels_2024-05-23_12_00_00,cvprmendels,2024-05-23T12:00:00+00:00,Exit,1,429,2,bee,0.9847073344726123,2024-05-23 12:00:14.300000
cvprmendels_2024-05-23_12_00_00,cvprmendels,2024-05-23T12:00:00+00:00,Exit,42,3242,5,bee,0.9337091803073703,2024-05-23 12:01:48.066667
cvprmendels_2024-05-23_12_00_00,cvprmendels,2024-05-23T12:00:00+00:00,Entry,7,3522,7,bee,0.9723023490766426,2024-05-23 12:01:57.400000
cvprmendels_2024-05-23_12_00_00,cvprmendels,2024-05-23T12:00:00+00:00,Exit,7,5990,10,bee,0.8603184613651139,2024-05-23 12:03:19.666667
cvprmendels_2024-05-23_12_00_00,cvprmendels,2024-05-23T12:00:00+00:00,Exit,20,6143,11,bee,0.9715238770690925,2024-05-23 12:03:24.766667
cvprmendels_2024-05-23_12_00_00,cvprmendels,2024-05-23T12:00:00+00:00,Entry,42,6203,12,bee,0.9550474944177355,2024-05-23 12:03:26.766667
cvprmendels_2024-05-23_12_00_00,cvprmendels,2024-05-23T12:00:00+00:00,Entry,3,6952,16,bee,0.9376217884904026,2024-05-23 12:03:51.733333
cvprmendels_2024-05-23_12_00_00,cvprmendels,2024-05-23T12:00:00+00:00,Exit,3,7206,18,bee,0.9443174462708782,2024-05-23 12:04:00.200000
cvprmendels_2024-05-23_12_00_00,cvprmendels,2024-05-23T12:00:00+00:00,Entry,1,7281,18,bee,0.9584428555014718,2024-05-23 12:04:02.700000
cvprmendels_2024-05-23_12_00_00,cvprmendels,2024-05-23T12:00:00+00:00,Exit,1,8548,19,bee,0.9100382812226178,2024-05-23 12:04:44.933333
cvprmendels_2024-05-23_12_00_00,cvprmendels,2024-05-23T12:00:00+00:00,Exit,50,9415,20,bee,0.6603589842459752,2024-05-23 12:05:13.833333
cvprmendels_2024-05-23_12_00_00,cvprmendels,2024-05-23T12:00:00+00:00,Entry,50,9466,20,bee,0.7137831320253801,2024-05-23 12:05:15.533333
cvprmendels_2024-05-23_12_00_00,cvprmendels,2024-05-23T12:00:00+00:00,Entry,20,10489,23,bee,0.9304019660395944,2024-05-23 12:05:49.633333
cvprmendels_2024-05-23_12_00_00,cvprmendels,2024-05-23T12:00:00+00:00,Exit,50,10467,25,bee,0.840272117384372,2024-05-23 12:05:48.900000
cvprmendels_2024-05-23_12_00_00,cvprmendels,2024-05-23T12:00:00+00:00,Entry,50,10541,25,bee,0.8640114498912779,2024-05-23 12:05:51.366667
cvprmendels_2024-05-23_12_00_00,cvprmendels,2024-05-23T12:00:00+00:00,Entry,60,11584,28,bee,0.9406525092786069,2024-05-23 12:06:26.133333
cvprmendels_2024-05-23_12_00_00,cvprmendels,2024-05-23T12:00:00+00:00,Exit,20,12150,32,bee,0.7489817208885363,2024-05-23 12:06:45.000000
cvprmendels_2024-05-23_12_00_00,cvprmendels,2024-05-23T12:00:00+00:00,Exit,60,12765,39,bee,0.9706254499640454,2024-05-23 12:07:05.500000
cvprmendels_2024-05-23_12_00_00,cvprmendels,2024-05-23T12:00:00+00:00,Entry,60,12852,39,bee,0.9719453522839478,2024-05-23 12:07:08.400000
cvprmendels_2024-05-23_12_00_00,cvprmendels,2024-05-23T12:00:00+00:00,Exit,50,13053,40,bee,0.9689114036707345,2024-05-23 12:07:15.100000
cvprmendels_2024-05-23_12_00_00,cvprmendels,2024-05-23T12:00:00+00:00,Entry,41,13805,41,bee,0.9996366363449576,2024-05-23 12:07:40.166667
cvprmendels_2024-05-23_12_00_00,cvprmendels,2024-05-23T12:00:00+00:00,Exit,60,14689,42,bee,0.7434621554418315,2024-05-23 12:08:09.633333
cvprmendels_2024-05-23_12_00_00,cvprmendels,2024-05-23T12:00:00+00:00,Exit,41,15213,43,bee,0.9529612371077423,2024-05-23 12:08:27.100000
cvprmendels_2024-05-23_12_00_00,cvprmendels,2024-05-23T12:00:00+00:00,Entry,41,15300,43,bee,0.9470469272878529,2024-05-23 12:08:30.000000
cvprmendels_2024-05-23_12_00_00,cvprmendels,2024-05-23T12:00:00+00:00,Entry,42,15880,45,bee,0.9189024897089098,2024-05-23 12:08:49.333333
cvprmendels_2024-05-23_12_00_00,cvprmendels,2024-05-23T12:00:00+00:00,Exit,41,17345,49,bee,0.6253556277795034,2024-05-23 12:09:38.166667
cvprmendels_2024-05-23_12_40_00,cvprmendels,2024-05-23T12:40:00+00:00,Exit,50,151,2,bee,0.7957786164772164,2024-05-23 12:40:05.033333
cvprmendels_2024-05-23_12_40_00,cvprmendels,2024-05-23T12:40:00+00:00,Entry,40,248,2,bee,0.9599518762319177,2024-05-23 12:40:08.266667
cvprmendels_2024-05-23_12_40_00,cvprmendels,2024-05-23T12:40:00+00:00,Exit,46,906,9,bee,0.9717396892397427,2024-05-23 12:40:30.200000
cvprmendels_2024-05-23_12_40_00,cvprmendels,2024-05-23T12:40:00+00:00,Entry,43,2727,14,bee,0.9585644634535997,2024-05-23 12:41:30.900000
cvprmendels_2024-05-23_12_40_00,cvprmendels,2024-05-23T12:40:00+00:00,Exit,20,2772,16,bee,0.8339095612317897,2024-05-23 12:41:32.400000
cvprmendels_2024-05-23_12_40_00,cvprmendels,2024-05-23T12:40:00+00:00,Entry,35,2855,17,bee,0.9879675985726941,2024-05-23 12:41:35.166667
cvprmendels_2024-05-23_12_40_00,cvprmendels,2024-05-23T12:40:00+00:00,Entry,1,2938,22,bee,0.9392385453081754,2024-05-23 12:41:37.933333
cvprmendels_2024-05-23_12_40_00,cvprmendels,2024-05-23T12:40:00+00:00,Entry,43,3055,25,bee,0.824767601691094,2024-05-23 12:41:41.833333
cvprmendels_2024-05-23_12_40_00,cvprmendels,2024-05-23T12:40:00+00:00,Exit,43,3250,26,bee,0.9673501779387919,2024-05-23 12:41:48.333333
cvprmendels_2024-05-23_12_40_00,cvprmendels,2024-05-23T12:40:00+00:00,Entry,48,3325,26,bee,0.999933410538506,2024-05-23 12:41:50.833333
cvprmendels_2024-05-23_12_40_00,cvprmendels,2024-05-23T12:40:00+00:00,Exit,52,3914,29,bee,0.8651106310048049,2024-05-23 12:42:10.466667
cvprmendels_2024-05-23_12_40_00,cvprmendels,2024-05-23T12:40:00+00:00,Exit,48,3984,34,bee,0.9759069181133988,2024-05-23 12:42:12.800000
cvprmendels_2024-05-23_12_40_00,cvprmendels,2024-05-23T12:40:00+00:00,Exit,35,4128,41,bee,0.973423208010403,2024-05-23 12:42:17.600000
cvprmendels_2024-05-23_12_40_00,cvprmendels,2024-05-23T12:40:00+00:00,Entry,46,4413,42,bee,0.9647422047253492,2024-05-23 12:42:27.100000
cvprmendels_2024-05-23_12_40_00,cvprmendels,2024-05-23T12:40:00+00:00,Exit,53,4437,43,bee,0.9034223804060959,2024-05-23 12:42:27.900000
cvprmendels_2024-05-23_12_40_00,cvprmendels,2024-05-23T12:40:00+00:00,Entry,53,4503,43,bee,0.9167080946918102,2024-05-23 12:42:30.100000
cvprmendels_2024-05-23_12_40_00,cvprmendels,2024-05-23T12:40:00+00:00,Exit,46,4999,45,bee,0.9246166383267347,2024-05-23 12:42:46.633333
cvprmendels_2024-05-23_12_40_00,cvprmendels,2024-05-23T12:40:00+00:00,Entry,53,5312,46,bee,0.8173413077128139,2024-05-23 12:42:57.066667
cvprmendels_2024-05-23_12_40_00,cvprmendels,2024-05-23T12:40:00+00:00,Exit,1,5409,49,bee,0.9250859017567344,2024-05-23 12:43:00.300000
cvprmendels_2024-05-23_12_40_00,cvprmendels,2024-05-23T12:40:00+00:00,Exit,36,5627,50,bee,0.9518398047949232,2024-05-23 12:43:07.566667
cvprmendels_2024-05-23_12_40_00,cvprmendels,2024-05-23T12:40:00+00:00,Exit,53,5665,51,bee,0.9803101127402455,2024-05-23 12:43:08.833333
cvprmendels_2024-05-23_12_40_00,cvprmendels,2024-05-23T12:40:00+00:00,Entry,53,5741,51,bee,0.9803101127402455,2024-05-23 12:43:11.366667
cvprmendels_2024-05-23_12_40_00,cvprmendels,2024-05-23T12:40:00+00:00,Entry,11,6509,53,bee,0.9767552231345121,2024-05-23 12:43:36.966667
cvprmendels_2024-05-23_12_40_00,cvprmendels,2024-05-23T12:40:00+00:00,Entry,46,6875,55,bee,0.999933410538506,2024-05-23 12:43:49.166667
cvprmendels_2024-05-23_12_40_00,cvprmendels,2024-05-23T12:40:00+00:00,Entry,41,7237,57,bee,0.9744672475538604,2024-05-23 12:44:01.233333
cvprmendels_2024-05-23_12_40_00,cvprmendels,2024-05-23T12:40:00+00:00,Entry,34,7922,63,bee,0.6907643500805887,2024-05-23 12:44:24.066667
cvprmendels_2024-05-23_12_40_00,cvprmendels,2024-05-23T12:40:00+00:00,Exit,34,8096,66,bee,0.7211139962232563,2024-05-23 12:44:29.866667
cvprmendels_2024-05-23_12_40_00,cvprmendels,2024-05-23T12:40:00+00:00,Entry,34,8096,66,bee,0.6644612506307774,2024-05-23 12:44:29.866667
cvprmendels_2024-05-23_12_40_00,cvprmendels,2024-05-23T12:40:00+00:00,Entry,35,8191,70,bee,0.8831499975862604,2024-05-23 12:44:33.033333
cvprmendels_2024-05-23_12_40_00,cvprmendels,2024-05-23T12:40:00+00:00,Exit,41,8545,73,bee,0.9758416161910206,2024-05-23 12:44:44.833333
cvprmendels_2024-05-23_12_40_00,cvprmendels,2024-05-23T12:40:00+00:00,Entry,41,8622,73,bee,0.9672049650268388,2024-05-23 12:44:47.400000
cvprmendels_2024-05-23_12_40_00,cvprmendels,2024-05-23T12:40:00+00:00,Exit,11,8550,74,bee,0.9806222494121952,2024-05-23 12:44:45.000000
cvprmendels_2024-05-23_12_40_00,cvprmendels,2024-05-23T12:40:00+00:00,Exit,35,8980,76,bee,0.9194046722097688,2024-05-23 12:44:59.333333
cvprmendels_2024-05-23_12_40_00,cvprmendels,2024-05-23T12:40:00+00:00,Entry,35,9057,76,bee,0.92143080461395,2024-05-23 12:45:01.900000
cvprmendels_2024-05-23_12_40_00,cvprmendels,2024-05-23T12:40:00+00:00,Exit,41,9972,78,bee,0.9286853868317104,2024-05-23 12:45:32.400000
cvprmendels_2024-05-23_12_40_00,cvprmendels,2024-05-23T12:40:00+00:00,Exit,35,10789,79,bee,0.9760421326471858,2024-05-23 12:45:59.633333
cvprmendels_2024-05-23_12_40_00,cvprmendels,2024-05-23T12:40:00+00:00,Entry,60,10857,80,bee,0.9424937859320934,2024-05-23 12:46:01.900000
cvprmendels_2024-05-23_12_40_00,cvprmendels,2024-05-23T12:40:00+00:00,Entry,36,12020,81,bee,0.9765165229036198,2024-05-23 12:46:40.666667
cvprmendels_2024-05-23_12_40_00,cvprmendels,2024-05-23T12:40:00+00:00,Exit,60,12403,82,bee,0.9845684295289763,2024-05-23 12:46:53.433333
cvprmendels_2024-05-23_12_40_00,cvprmendels,2024-05-23T12:40:00+00:00,Entry,60,12513,82,bee,0.9858883318488785,2024-05-23 12:46:57.100000
cvprmendels_2024-05-23_12_40_00,cvprmendels,2024-05-23T12:40:00+00:00,Entry,8,12610,83,bee,0.9203656101307557,2024-05-23 12:47:00.333333
cvprmendels_2024-05-23_12_40_00,cvprmendels,2024-05-23T12:40:00+00:00,Exit,42,12566,84,bee,0.8521483601301678,2024-05-23 12:46:58.866667
cvprmendels_2024-05-23_12_40_00,cvprmendels,2024-05-23T12:40:00+00:00,Exit,36,12838,85,bee,0.9664919477778711,2024-05-23 12:47:07.933333
cvprmendels_2024-05-23_12_40_00,cvprmendels,2024-05-23T12:40:00+00:00,Entry,35,13224,86,bee,0.8776003957728097,2024-05-23 12:47:20.800000
cvprmendels_2024-05-23_12_40_00,cvprmendels,2024-05-23T12:40:00+00:00,Entry,19,13826,88,bee,0.9522437713103585,2024-05-23 12:47:40.866667
cvprmendels_2024-05-23_12_40_00,cvprmendels,2024-05-23T12:40:00+00:00,Exit,60,13761,89,bee,0.714366495766987,2024-05-23 12:47:38.700000
cvprmendels_2024-05-23_12_40_00,cvprmendels,2024-05-23T12:40:00+00:00,Exit,53,13868,92,bee,0.7059723754691647,2024-05-23 12:47:42.266667
cvprmendels_2024-05-23_12_40_00,cvprmendels,2024-05-23T12:40:00+00:00,Entry,55,14024,93,bee,0.9966476962527918,2024-05-23 12:47:47.466667
cvprmendels_2024-05-23_12_40_00,cvprmendels,2024-05-23T12:40:00+00:00,Entry,42,14118,95,bee,0.9996366363449576,2024-05-23 12:47:50.600000
cvprmendels_2024-05-23_12_40_00,cvprmendels,2024-05-23T12:40:00+00:00,Exit,55,14195,98,bee,0.9794962730633773,2024-05-23 12:47:53.166667
cvprmendels_2024-05-23_12_40_00,cvprmendels,2024-05-23T12:40:00+00:00,Entry,55,14264,98,bee,0.9821192037807285,2024-05-23 12:47:55.466667
cvprmendels_2024-05-23_12_40_00,cvprmendels,2024-05-23T12:40:00+00:00,Exit,55,14444,101,bee,0.7524245744426727,2024-05-23 12:48:01.466667
cvprmendels_2024-05-23_12_40_00,cvprmendels,2024-05-23T12:40:00+00:00,Entry,52,14607,102,bee,0.9634104837415789,2024-05-23 12:48:06.900000
cvprmendels_2024-05-23_12_40_00,cvprmendels,2024-05-23T12:40:00+00:00,Exit,35,14726,105,bee,0.9616726797178949,2024-05-23 12:48:10.866667
cvprmendels_2024-05-23_12_40_00,cvprmendels,2024-05-23T12:40:00+00:00,Exit,8,14943,106,bee,0.971062153705427,2024-05-23 12:48:18.100000
cvprmendels_2024-05-23_12_40_00,cvprmendels,2024-05-23T12:40:00+00:00,Exit,52,15118,107,bee,0.8639442192331379,2024-05-23 12:48:23.933333
cvprmendels_2024-05-23_12_40_00,cvprmendels,2024-05-23T12:40:00+00:00,Entry,52,15328,109,bee,0.8719559580912069,2024-05-23 12:48:30.933333
cvprmendels_2024-05-23_12_40_00,cvprmendels,2024-05-23T12:40:00+00:00,Entry,36,16317,117,bee,0.7268799445145969,2024-05-23 12:49:03.900000
cvprmendels_2024-05-23_12_40_00,cvprmendels,2024-05-23T12:40:00+00:00,Exit,42,17027,118,bee,0.9128472595329568,2024-05-23 12:49:27.566667
cvprmendels_2024-05-23_12_40_00,cvprmendels,2024-05-23T12:40:00+00:00,Exit,19,17091,119,bee,0.6053525587404954,2024-05-23 12:49:29.700000
cvprmendels_2024-05-23_18_20_01,cvprmendels,2024-05-23T18:20:01+00:00,Entry,11,658,1,bee,0.8114337068394402,2024-05-23 18:20:22.933333
cvprmendels_2024-05-23_18_20_01,cvprmendels,2024-05-23T18:20:01+00:00,Exit,1,718,2,bee,0.9347949490322977,2024-05-23 18:20:24.933333
cvprmendels_2024-05-23_18_20_01,cvprmendels,2024-05-23T18:20:01+00:00,Entry,10,901,3,bee,0.9643719770215633,2024-05-23 18:20:31.033333
cvprmendels_2024-05-23_18_20_01,cvprmendels,2024-05-23T18:20:01+00:00,Exit,48,871,7,bee,0.859354563734006,2024-05-23 18:20:30.033333
cvprmendels_2024-05-23_18_20_01,cvprmendels,2024-05-23T18:20:01+00:00,Entry,58,1002,11,bee,0.999933410538506,2024-05-23 18:20:34.400000
cvprmendels_2024-05-23_18_20_01,cvprmendels,2024-05-23T18:20:01+00:00,Exit,10,939,12,bee,0.9376087951688088,2024-05-23 18:20:32.300000
cvprmendels_2024-05-23_18_20_01,cvprmendels,2024-05-23T18:20:01+00:00,Entry,20,994,12,bee,0.9815972676961586,2024-05-23 18:20:34.133333
cvprmendels_2024-05-23_18_20_01,cvprmendels,2024-05-23T18:20:01+00:00,Exit,41,1151,15,bee,0.9485615018357487,2024-05-23 18:20:39.366667
cvprmendels_2024-05-23_18_20_01,cvprmendels,2024-05-23T18:20:01+00:00,Exit,58,1258,16,bee,0.8946907445087213,2024-05-23 18:20:42.933333
cvprmendels_2024-05-23_18_20_01,cvprmendels,2024-05-23T18:20:01+00:00,Entry,60,1330,16,bee,0.999933410538506,2024-05-23 18:20:45.333333
cvprmendels_2024-05-23_18_20_01,cvprmendels,2024-05-23T18:20:01+00:00,Exit,20,1757,20,bee,0.7109005955157012,2024-05-23 18:20:59.566667
cvprmendels_2024-05-23_18_20_01,cvprmendels,2024-05-23T18:20:01+00:00,Exit,8,1842,22,bee,0.8922394675838974,2024-05-23 18:21:02.400000
cvprmendels_2024-05-23_18_20_01,cvprmendels,2024-05-23T18:20:01+00:00,Entry,20,2027,23,bee,0.9766883038675012,2024-05-23 18:21:08.566667
cvprmendels_2024-05-23_18_20_01,cvprmendels,2024-05-23T18:20:01+00:00,Exit,3,2428,25,bee,0.9164855862754642,2024-05-23 18:21:21.933333
cvprmendels_2024-05-23_18_20_01,cvprmendels,2024-05-23T18:20:01+00:00,Exit,60,2948,26,bee,0.9832628235860252,2024-05-23 18:21:39.266667
cvprmendels_2024-05-23_18_20_01,cvprmendels,2024-05-23T18:20:01+00:00,Entry,60,3030,26,bee,0.979314325731948,2024-05-23 18:21:42.000000
cvprmendels_2024-05-23_18_20_01,cvprmendels,2024-05-23T18:20:01+00:00,Entry,43,3419,27,bee,0.7470441996579357,2024-05-23 18:21:54.966667
cvprmendels_2024-05-23_18_20_01,cvprmendels,2024-05-23T18:20:01+00:00,Exit,43,3448,30,bee,0.9721135482685536,2024-05-23 18:21:55.933333
cvprmendels_2024-05-23_18_20_01,cvprmendels,2024-05-23T18:20:01+00:00,Entry,47,3543,30,bee,0.9939277859263241,2024-05-23 18:21:59.100000
cvprmendels_2024-05-23_18_20_01,cvprmendels,2024-05-23T18:20:01+00:00,Entry,8,3627,32,bee,0.8632415546263636,2024-05-23 18:22:01.900000
cvprmendels_2024-05-23_18_20_01,cvprmendels,2024-05-23T18:20:01+00:00,Exit,47,3993,33,bee,0.8337408593687077,2024-05-23 18:22:14.100000
cvprmendels_2024-05-23_18_20_01,cvprmendels,2024-05-23T18:20:01+00:00,Entry,10,4235,33,bee,0.8853281961055381,2024-05-23 18:22:22.166667
cvprmendels_2024-05-23_18_20_01,cvprmendels,2024-05-23T18:20:01+00:00,Entry,11,4208,35,bee,0.7880778727018836,2024-05-23 18:22:21.266667
cvprmendels_2024-05-23_18_20_01,cvprmendels,2024-05-23T18:20:01+00:00,Exit,10,4267,36,bee,0.76088179234053,2024-05-23 18:22:23.233333
cvprmendels_2024-05-23_18_20_01,cvprmendels,2024-05-23T18:20:01+00:00,Entry,1,4753,40,bee,0.8403062962008402,2024-05-23 18:22:39.433333
cvprmendels_2024-05-23_18_20_01,cvprmendels,2024-05-23T18:20:01+00:00,Exit,20,4766,41,bee,0.8718340299717943,2024-05-23 18:22:39.866667
cvprmendels_2024-05-23_18_20_01,cvprmendels,2024-05-23T18:20:01+00:00,Exit,60,4918,44,bee,0.8368796055923583,2024-05-23 18:22:44.933333
cvprmendels_2024-05-23_18_20_01,cvprmendels,2024-05-23T18:20:01+00:00,Exit,1,4938,45,bee,0.7572369403913208,2024-05-23 18:22:45.600000
cvprmendels_2024-05-23_18_20_01,cvprmendels,2024-05-23T18:20:01+00:00,Exit,5,5057,46,bee,0.9432221951717764,2024-05-23 18:22:49.566667
cvprmendels_2024-05-23_18_20_01,cvprmendels,2024-05-23T18:20:01+00:00,Entry,3,5122,46,bee,0.999933410538506,2024-05-23 18:22:51.733333
cvprmendels_2024-05-23_18_20_01,cvprmendels,2024-05-23T18:20:01+00:00,Exit,8,5946,47,bee,0.7568947764529179,2024-05-23 18:23:19.200000
cvprmendels_2024-05-23_18_20_01,cvprmendels,2024-05-23T18:20:01+00:00,Entry,45,6870,48,bee,0.8360837562899429,2024-05-23 18:23:50.000000
cvprmendels_2024-05-23_18_20_01,cvprmendels,2024-05-23T18:20:01+00:00,Entry,50,7161,49,bee,0.9946903997858177,2024-05-23 18:23:59.700000
cvprmendels_2024-05-23_18_20_01,cvprmendels,2024-05-23T18:20:01+00:00,Entry,40,7344,50,bee,0.8311578954068886,2024-05-23 18:24:05.800000
cvprmendels_2024-05-23_18_20_01,cvprmendels,2024-05-23T18:20:01+00:00,Entry,7,8015,53,bee,0.7642570137972453,2024-05-23 18:24:28.166667
cvprmendels_2024-05-23_18_20_01,cvprmendels,2024-05-23T18:20:01+00:00,Exit,40,8163,54,bee,0.8965250361948469,2024-05-23 18:24:33.100000
cvprmendels_2024-05-23_18_20_01,cvprmendels,2024-05-23T18:20:01+00:00,Entry,59,8465,54,bee,0.7307771828609362,2024-05-23 18:24:43.166667
cvprmendels_2024-05-23_18_20_01,cvprmendels,2024-05-23T18:20:01+00:00,Exit,45,8593,59,bee,0.9030910517205066,2024-05-23 18:24:47.433333
cvprmendels_2024-05-23_18_20_01,cvprmendels,2024-05-23T18:20:01+00:00,Entry,45,8695,59,bee,0.8892028743047986,2024-05-23 18:24:50.833333
cvprmendels_2024-05-23_18_20_01,cvprmendels,2024-05-23T18:20:01+00:00,Exit,50,8850,61,bee,0.9742858103484585,2024-05-23 18:24:56.000000
cvprmendels_2024-05-23_18_20_01,cvprmendels,2024-05-23T18:20:01+00:00,Entry,50,8915,61,bee,0.9786615720275377,2024-05-23 18:24:58.166667
cvprmendels_2024-05-23_18_20_01,cvprmendels,2024-05-23T18:20:01+00:00,Entry,20,9901,65,bee,0.9187985749440726,2024-05-23 18:25:31.033333
cvprmendels_2024-05-23_18_20_01,cvprmendels,2024-05-23T18:20:01+00:00,Exit,50,9869,73,bee,0.9677194019845556,2024-05-23 18:25:29.966667
cvprmendels_2024-05-23_18_20_01,cvprmendels,2024-05-23T18:20:01+00:00,Exit,45,10431,74,bee,0.946224563187785,2024-05-23 18:25:48.700000
cvprmendels_2024-05-23_18_20_01,cvprmendels,2024-05-23T18:20:01+00:00,Exit,7,10634,75,bee,0.6939790563084938,2024-05-23 18:25:55.466667
cvprmendels_2024-05-23_18_20_01,cvprmendels,2024-05-23T18:20:01+00:00,Exit,36,10874,76,bee,0.6320164366452485,2024-05-23 18:26:03.466667
cvprmendels_2024-05-23_18_20_01,cvprmendels,2024-05-23T18:20:01+00:00,Exit,59,11717,77,bee,0.9210052792964736,2024-05-23 18:26:31.566667
cvprmendels_2024-05-23_18_20_01,cvprmendels,2024-05-23T18:20:01+00:00,Exit,10,12011,83,bee,0.6245459226961539,2024-05-23 18:26:41.366667
cvprmendels_2024-05-23_18_20_01,cvprmendels,2024-05-23T18:20:01+00:00,Entry,6,12164,84,bee,0.9221729685578368,2024-05-23 18:26:46.466667
cvprmendels_2024-05-23_18_20_01,cvprmendels,2024-05-23T18:20:01+00:00,Entry,33,12325,87,bee,0.9200034876370795,2024-05-23 18:26:51.833333
cvprmendels_2024-05-23_18_20_01,cvprmendels,2024-05-23T18:20:01+00:00,Exit,10,12394,88,bee,0.8602796868230826,2024-05-23 18:26:54.133333
cvprmendels_2024-05-23_18_20_01,cvprmendels,2024-05-23T18:20:01+00:00,Exit,33,12939,95,bee,0.8340929223047013,2024-05-23 18:27:12.300000
cvprmendels_2024-05-23_18_20_01,cvprmendels,2024-05-23T18:20:01+00:00,Entry,60,13115,95,bee,0.9145341532767148,2024-05-23 18:27:18.166667
cvprmendels_2024-05-23_18_20_01,cvprmendels,2024-05-23T18:20:01+00:00,Entry,8,13061,96,bee,0.9671890787412711,2024-05-23 18:27:16.366667
cvprmendels_2024-05-23_18_20_01,cvprmendels,2024-05-23T18:20:01+00:00,Entry,39,14610,127,bee,0.975125107312907,2024-05-23 18:28:08.000000
cvprmendels_2024-05-23_18_20_01,cvprmendels,2024-05-23T18:20:01+00:00,Entry,40,16059,142,bee,0.6603700614320707,2024-05-23 18:28:56.300000
cvprmendels_2024-05-23_18_20_01,cvprmendels,2024-05-23T18:20:01+00:00,Exit,40,16076,143,bee,0.6966420550816879,2024-05-23 18:28:56.866667
cvprmendels_2024-05-23_18_20_01,cvprmendels,2024-05-23T18:20:01+00:00,Entry,10,16215,143,bee,0.9215344355344357,2024-05-23 18:29:01.500000
cvprmendels_2024-05-23_18_20_01,cvprmendels,2024-05-23T18:20:01+00:00,Entry,45,16410,146,bee,0.9932794452625896,2024-05-23 18:29:08.000000
cvprmendels_2024-05-23_18_20_01,cvprmendels,2024-05-23T18:20:01+00:00,Exit,45,16442,147,bee,0.835562342825579,2024-05-23 18:29:09.066667
cvprmendels_2024-05-23_18_20_01,cvprmendels,2024-05-23T18:20:01+00:00,Entry,9,16726,149,bee,0.8788653350931847,2024-05-23 18:29:18.533333
cvprmendels_2024-05-23_18_20_01,cvprmendels,2024-05-23T18:20:01+00:00,Exit,9,16739,152,bee,0.7867699523817059,2024-05-23 18:29:18.966667
cvprmendels_2024-05-23_18_20_01,cvprmendels,2024-05-23T18:20:01+00:00,Entry,19,16798,152,bee,0.940284527330992,2024-05-23 18:29:20.933333
cvprmendels_2024-05-23_18_20_01,cvprmendels,2024-05-23T18:20:01+00:00,Exit,19,17141,155,bee,0.8841376541820574,2024-05-23 18:29:32.366667
cvprmendels_2024-05-23_18_20_01,cvprmendels,2024-05-23T18:20:01+00:00,Exit,60,17260,157,bee,0.7135810279284158,2024-05-23 18:29:36.333333
cvprmendels_2024-05-23_18_20_01,cvprmendels,2024-05-23T18:20:01+00:00,Entry,60,17308,157,bee,0.7965614525217438,2024-05-23 18:29:37.933333
cvprmendels_2024-05-23_18_20_01,cvprmendels,2024-05-23T18:20:01+00:00,Entry,42,17613,158,bee,0.9976708243791457,2024-05-23 18:29:48.100000
cvprmendels_2024-05-23_18_20_01,cvprmendels,2024-05-23T18:20:01+00:00,Entry,6,17842,160,bee,0.8084142441123356,2024-05-23 18:29:55.733333
